--
-- PostgreSQL database dump
--

-- Dumped from database version 14.13
-- Dumped by pg_dump version 16.4

-- Started on 2024-10-14 09:00:14

SET statement_timeout = 0;
SET lock_timeout = 0;
SET idle_in_transaction_session_timeout = 0;
SET client_encoding = 'UTF8';
SET standard_conforming_strings = on;
SELECT pg_catalog.set_config('search_path', '', false);
SET check_function_bodies = false;
SET xmloption = content;
SET client_min_messages = warning;
SET row_security = off;

--
-- TOC entry 4 (class 2615 OID 2200)
-- Name: public; Type: SCHEMA; Schema: -; Owner: postgres
--

CREATE SCHEMA public;


ALTER SCHEMA public OWNER TO postgres;

--
-- TOC entry 3516 (class 0 OID 0)
-- Dependencies: 4
-- Name: SCHEMA public; Type: COMMENT; Schema: -; Owner: postgres
--

COMMENT ON SCHEMA public IS 'standard public schema';


SET default_tablespace = '';

SET default_table_access_method = heap;

--
-- TOC entry 216 (class 1259 OID 16571)
-- Name: auth_group; Type: TABLE; Schema: public; Owner: aroundmego_admin
--

CREATE TABLE public.auth_group (
    id integer NOT NULL,
    name character varying(150) NOT NULL
);


ALTER TABLE public.auth_group OWNER TO aroundmego_admin;

--
-- TOC entry 215 (class 1259 OID 16570)
-- Name: auth_group_id_seq; Type: SEQUENCE; Schema: public; Owner: aroundmego_admin
--

ALTER TABLE public.auth_group ALTER COLUMN id ADD GENERATED BY DEFAULT AS IDENTITY (
    SEQUENCE NAME public.auth_group_id_seq
    START WITH 1
    INCREMENT BY 1
    NO MINVALUE
    NO MAXVALUE
    CACHE 1
);


--
-- TOC entry 218 (class 1259 OID 16579)
-- Name: auth_group_permissions; Type: TABLE; Schema: public; Owner: aroundmego_admin
--

CREATE TABLE public.auth_group_permissions (
    id bigint NOT NULL,
    group_id integer NOT NULL,
    permission_id integer NOT NULL
);


ALTER TABLE public.auth_group_permissions OWNER TO aroundmego_admin;

--
-- TOC entry 217 (class 1259 OID 16578)
-- Name: auth_group_permissions_id_seq; Type: SEQUENCE; Schema: public; Owner: aroundmego_admin
--

ALTER TABLE public.auth_group_permissions ALTER COLUMN id ADD GENERATED BY DEFAULT AS IDENTITY (
    SEQUENCE NAME public.auth_group_permissions_id_seq
    START WITH 1
    INCREMENT BY 1
    NO MINVALUE
    NO MAXVALUE
    CACHE 1
);


--
-- TOC entry 214 (class 1259 OID 16565)
-- Name: auth_permission; Type: TABLE; Schema: public; Owner: aroundmego_admin
--

CREATE TABLE public.auth_permission (
    id integer NOT NULL,
    name character varying(255) NOT NULL,
    content_type_id integer NOT NULL,
    codename character varying(100) NOT NULL
);


ALTER TABLE public.auth_permission OWNER TO aroundmego_admin;

--
-- TOC entry 213 (class 1259 OID 16564)
-- Name: auth_permission_id_seq; Type: SEQUENCE; Schema: public; Owner: aroundmego_admin
--

ALTER TABLE public.auth_permission ALTER COLUMN id ADD GENERATED BY DEFAULT AS IDENTITY (
    SEQUENCE NAME public.auth_permission_id_seq
    START WITH 1
    INCREMENT BY 1
    NO MINVALUE
    NO MAXVALUE
    CACHE 1
);


--
-- TOC entry 220 (class 1259 OID 16585)
-- Name: auth_user; Type: TABLE; Schema: public; Owner: aroundmego_admin
--

CREATE TABLE public.auth_user (
    id integer NOT NULL,
    password character varying(128) NOT NULL,
    last_login timestamp with time zone,
    is_superuser boolean NOT NULL,
    username character varying(150) NOT NULL,
    first_name character varying(150) NOT NULL,
    last_name character varying(150) NOT NULL,
    email character varying(254) NOT NULL,
    is_staff boolean NOT NULL,
    is_active boolean NOT NULL,
    date_joined timestamp with time zone NOT NULL
);


ALTER TABLE public.auth_user OWNER TO aroundmego_admin;

--
-- TOC entry 222 (class 1259 OID 16593)
-- Name: auth_user_groups; Type: TABLE; Schema: public; Owner: aroundmego_admin
--

CREATE TABLE public.auth_user_groups (
    id bigint NOT NULL,
    user_id integer NOT NULL,
    group_id integer NOT NULL
);


ALTER TABLE public.auth_user_groups OWNER TO aroundmego_admin;

--
-- TOC entry 221 (class 1259 OID 16592)
-- Name: auth_user_groups_id_seq; Type: SEQUENCE; Schema: public; Owner: aroundmego_admin
--

ALTER TABLE public.auth_user_groups ALTER COLUMN id ADD GENERATED BY DEFAULT AS IDENTITY (
    SEQUENCE NAME public.auth_user_groups_id_seq
    START WITH 1
    INCREMENT BY 1
    NO MINVALUE
    NO MAXVALUE
    CACHE 1
);


--
-- TOC entry 219 (class 1259 OID 16584)
-- Name: auth_user_id_seq; Type: SEQUENCE; Schema: public; Owner: aroundmego_admin
--

ALTER TABLE public.auth_user ALTER COLUMN id ADD GENERATED BY DEFAULT AS IDENTITY (
    SEQUENCE NAME public.auth_user_id_seq
    START WITH 1
    INCREMENT BY 1
    NO MINVALUE
    NO MAXVALUE
    CACHE 1
);


--
-- TOC entry 224 (class 1259 OID 16599)
-- Name: auth_user_user_permissions; Type: TABLE; Schema: public; Owner: aroundmego_admin
--

CREATE TABLE public.auth_user_user_permissions (
    id bigint NOT NULL,
    user_id integer NOT NULL,
    permission_id integer NOT NULL
);


ALTER TABLE public.auth_user_user_permissions OWNER TO aroundmego_admin;

--
-- TOC entry 223 (class 1259 OID 16598)
-- Name: auth_user_user_permissions_id_seq; Type: SEQUENCE; Schema: public; Owner: aroundmego_admin
--

ALTER TABLE public.auth_user_user_permissions ALTER COLUMN id ADD GENERATED BY DEFAULT AS IDENTITY (
    SEQUENCE NAME public.auth_user_user_permissions_id_seq
    START WITH 1
    INCREMENT BY 1
    NO MINVALUE
    NO MAXVALUE
    CACHE 1
);


--
-- TOC entry 228 (class 1259 OID 16686)
-- Name: core_author; Type: TABLE; Schema: public; Owner: aroundmego_admin
--

CREATE TABLE public.core_author (
    id bigint NOT NULL,
    name character varying(255) NOT NULL,
    email character varying(254) NOT NULL,
    created_at timestamp with time zone NOT NULL
);


ALTER TABLE public.core_author OWNER TO aroundmego_admin;

--
-- TOC entry 227 (class 1259 OID 16685)
-- Name: core_author_id_seq; Type: SEQUENCE; Schema: public; Owner: aroundmego_admin
--

ALTER TABLE public.core_author ALTER COLUMN id ADD GENERATED BY DEFAULT AS IDENTITY (
    SEQUENCE NAME public.core_author_id_seq
    START WITH 1
    INCREMENT BY 1
    NO MINVALUE
    NO MAXVALUE
    CACHE 1
);


--
-- TOC entry 232 (class 1259 OID 16708)
-- Name: core_description; Type: TABLE; Schema: public; Owner: aroundmego_admin
--

CREATE TABLE public.core_description (
    id bigint NOT NULL,
    content text NOT NULL,
    created_at timestamp with time zone NOT NULL,
    author_id bigint,
    image_url character varying(500)
);


ALTER TABLE public.core_description OWNER TO aroundmego_admin;

--
-- TOC entry 231 (class 1259 OID 16707)
-- Name: core_description_id_seq; Type: SEQUENCE; Schema: public; Owner: aroundmego_admin
--

ALTER TABLE public.core_description ALTER COLUMN id ADD GENERATED BY DEFAULT AS IDENTITY (
    SEQUENCE NAME public.core_description_id_seq
    START WITH 1
    INCREMENT BY 1
    NO MINVALUE
    NO MAXVALUE
    CACHE 1
);


--
-- TOC entry 234 (class 1259 OID 16716)
-- Name: core_place; Type: TABLE; Schema: public; Owner: aroundmego_admin
--

CREATE TABLE public.core_place (
    id bigint NOT NULL,
    name character varying(255) NOT NULL,
    latitude numeric(9,6) NOT NULL,
    longitude numeric(9,6) NOT NULL,
    created_at timestamp with time zone NOT NULL
);


ALTER TABLE public.core_place OWNER TO aroundmego_admin;

--
-- TOC entry 233 (class 1259 OID 16715)
-- Name: core_place_id_seq; Type: SEQUENCE; Schema: public; Owner: aroundmego_admin
--

ALTER TABLE public.core_place ALTER COLUMN id ADD GENERATED BY DEFAULT AS IDENTITY (
    SEQUENCE NAME public.core_place_id_seq
    START WITH 1
    INCREMENT BY 1
    NO MINVALUE
    NO MAXVALUE
    CACHE 1
);


--
-- TOC entry 241 (class 1259 OID 16804)
-- Name: core_placedescription; Type: TABLE; Schema: public; Owner: aroundmego_admin
--

CREATE TABLE public.core_placedescription (
    id bigint NOT NULL,
    description_id bigint NOT NULL,
    place_id bigint NOT NULL
);


ALTER TABLE public.core_placedescription OWNER TO aroundmego_admin;

--
-- TOC entry 240 (class 1259 OID 16803)
-- Name: core_placedescription_id_seq; Type: SEQUENCE; Schema: public; Owner: aroundmego_admin
--

ALTER TABLE public.core_placedescription ALTER COLUMN id ADD GENERATED BY DEFAULT AS IDENTITY (
    SEQUENCE NAME public.core_placedescription_id_seq
    START WITH 1
    INCREMENT BY 1
    NO MINVALUE
    NO MAXVALUE
    CACHE 1
);


--
-- TOC entry 239 (class 1259 OID 16786)
-- Name: core_subscription; Type: TABLE; Schema: public; Owner: aroundmego_admin
--

CREATE TABLE public.core_subscription (
    id bigint NOT NULL,
    created_at timestamp with time zone NOT NULL,
    author_id bigint NOT NULL,
    user_id bigint NOT NULL
);


ALTER TABLE public.core_subscription OWNER TO aroundmego_admin;

--
-- TOC entry 238 (class 1259 OID 16785)
-- Name: core_subscription_id_seq; Type: SEQUENCE; Schema: public; Owner: aroundmego_admin
--

ALTER TABLE public.core_subscription ALTER COLUMN id ADD GENERATED BY DEFAULT AS IDENTITY (
    SEQUENCE NAME public.core_subscription_id_seq
    START WITH 1
    INCREMENT BY 1
    NO MINVALUE
    NO MAXVALUE
    CACHE 1
);


--
-- TOC entry 230 (class 1259 OID 16696)
-- Name: core_user; Type: TABLE; Schema: public; Owner: aroundmego_admin
--

CREATE TABLE public.core_user (
    id bigint NOT NULL,
    username character varying(255),
    email character varying(254),
    telegram_id character varying(50),
    created_at timestamp with time zone NOT NULL
);


ALTER TABLE public.core_user OWNER TO aroundmego_admin;

--
-- TOC entry 229 (class 1259 OID 16695)
-- Name: core_user_id_seq; Type: SEQUENCE; Schema: public; Owner: aroundmego_admin
--

ALTER TABLE public.core_user ALTER COLUMN id ADD GENERATED BY DEFAULT AS IDENTITY (
    SEQUENCE NAME public.core_user_id_seq
    START WITH 1
    INCREMENT BY 1
    NO MINVALUE
    NO MAXVALUE
    CACHE 1
);


--
-- TOC entry 236 (class 1259 OID 16730)
-- Name: core_userquery; Type: TABLE; Schema: public; Owner: aroundmego_admin
--

CREATE TABLE public.core_userquery (
    id bigint NOT NULL,
    latitude numeric(9,6) NOT NULL,
    longitude numeric(9,6) NOT NULL,
    query_time timestamp with time zone NOT NULL,
    created_at timestamp with time zone NOT NULL,
    place_id bigint,
    user_id bigint NOT NULL
);


ALTER TABLE public.core_userquery OWNER TO aroundmego_admin;

--
-- TOC entry 235 (class 1259 OID 16729)
-- Name: core_userquery_id_seq; Type: SEQUENCE; Schema: public; Owner: aroundmego_admin
--

ALTER TABLE public.core_userquery ALTER COLUMN id ADD GENERATED BY DEFAULT AS IDENTITY (
    SEQUENCE NAME public.core_userquery_id_seq
    START WITH 1
    INCREMENT BY 1
    NO MINVALUE
    NO MAXVALUE
    CACHE 1
);


--
-- TOC entry 226 (class 1259 OID 16657)
-- Name: django_admin_log; Type: TABLE; Schema: public; Owner: aroundmego_admin
--

CREATE TABLE public.django_admin_log (
    id integer NOT NULL,
    action_time timestamp with time zone NOT NULL,
    object_id text,
    object_repr character varying(200) NOT NULL,
    action_flag smallint NOT NULL,
    change_message text NOT NULL,
    content_type_id integer,
    user_id integer NOT NULL,
    CONSTRAINT django_admin_log_action_flag_check CHECK ((action_flag >= 0))
);


ALTER TABLE public.django_admin_log OWNER TO aroundmego_admin;

--
-- TOC entry 225 (class 1259 OID 16656)
-- Name: django_admin_log_id_seq; Type: SEQUENCE; Schema: public; Owner: aroundmego_admin
--

ALTER TABLE public.django_admin_log ALTER COLUMN id ADD GENERATED BY DEFAULT AS IDENTITY (
    SEQUENCE NAME public.django_admin_log_id_seq
    START WITH 1
    INCREMENT BY 1
    NO MINVALUE
    NO MAXVALUE
    CACHE 1
);


--
-- TOC entry 212 (class 1259 OID 16557)
-- Name: django_content_type; Type: TABLE; Schema: public; Owner: aroundmego_admin
--

CREATE TABLE public.django_content_type (
    id integer NOT NULL,
    app_label character varying(100) NOT NULL,
    model character varying(100) NOT NULL
);


ALTER TABLE public.django_content_type OWNER TO aroundmego_admin;

--
-- TOC entry 211 (class 1259 OID 16556)
-- Name: django_content_type_id_seq; Type: SEQUENCE; Schema: public; Owner: aroundmego_admin
--

ALTER TABLE public.django_content_type ALTER COLUMN id ADD GENERATED BY DEFAULT AS IDENTITY (
    SEQUENCE NAME public.django_content_type_id_seq
    START WITH 1
    INCREMENT BY 1
    NO MINVALUE
    NO MAXVALUE
    CACHE 1
);


--
-- TOC entry 210 (class 1259 OID 16549)
-- Name: django_migrations; Type: TABLE; Schema: public; Owner: aroundmego_admin
--

CREATE TABLE public.django_migrations (
    id bigint NOT NULL,
    app character varying(255) NOT NULL,
    name character varying(255) NOT NULL,
    applied timestamp with time zone NOT NULL
);


ALTER TABLE public.django_migrations OWNER TO aroundmego_admin;

--
-- TOC entry 209 (class 1259 OID 16548)
-- Name: django_migrations_id_seq; Type: SEQUENCE; Schema: public; Owner: aroundmego_admin
--

ALTER TABLE public.django_migrations ALTER COLUMN id ADD GENERATED BY DEFAULT AS IDENTITY (
    SEQUENCE NAME public.django_migrations_id_seq
    START WITH 1
    INCREMENT BY 1
    NO MINVALUE
    NO MAXVALUE
    CACHE 1
);


--
-- TOC entry 237 (class 1259 OID 16774)
-- Name: django_session; Type: TABLE; Schema: public; Owner: aroundmego_admin
--

CREATE TABLE public.django_session (
    session_key character varying(40) NOT NULL,
    session_data text NOT NULL,
    expire_date timestamp with time zone NOT NULL
);


ALTER TABLE public.django_session OWNER TO aroundmego_admin;

--
-- TOC entry 3485 (class 0 OID 16571)
-- Dependencies: 216
-- Data for Name: auth_group; Type: TABLE DATA; Schema: public; Owner: aroundmego_admin
--

COPY public.auth_group (id, name) FROM stdin;
\.


--
-- TOC entry 3487 (class 0 OID 16579)
-- Dependencies: 218
-- Data for Name: auth_group_permissions; Type: TABLE DATA; Schema: public; Owner: aroundmego_admin
--

COPY public.auth_group_permissions (id, group_id, permission_id) FROM stdin;
\.


--
-- TOC entry 3483 (class 0 OID 16565)
-- Dependencies: 214
-- Data for Name: auth_permission; Type: TABLE DATA; Schema: public; Owner: aroundmego_admin
--

COPY public.auth_permission (id, name, content_type_id, codename) FROM stdin;
1	Can add log entry	1	add_logentry
2	Can change log entry	1	change_logentry
3	Can delete log entry	1	delete_logentry
4	Can view log entry	1	view_logentry
5	Can add permission	2	add_permission
6	Can change permission	2	change_permission
7	Can delete permission	2	delete_permission
8	Can view permission	2	view_permission
9	Can add group	3	add_group
10	Can change group	3	change_group
11	Can delete group	3	delete_group
12	Can view group	3	view_group
13	Can add user	4	add_user
14	Can change user	4	change_user
15	Can delete user	4	delete_user
16	Can view user	4	view_user
17	Can add content type	5	add_contenttype
18	Can change content type	5	change_contenttype
19	Can delete content type	5	delete_contenttype
20	Can view content type	5	view_contenttype
21	Can add session	6	add_session
22	Can change session	6	change_session
23	Can delete session	6	delete_session
24	Can view session	6	view_session
25	Can add author	7	add_author
26	Can change author	7	change_author
27	Can delete author	7	delete_author
28	Can view author	7	view_author
29	Can add user	8	add_user
30	Can change user	8	change_user
31	Can delete user	8	delete_user
32	Can view user	8	view_user
33	Can add description	9	add_description
34	Can change description	9	change_description
35	Can delete description	9	delete_description
36	Can view description	9	view_description
37	Can add place	10	add_place
38	Can change place	10	change_place
39	Can delete place	10	delete_place
40	Can view place	10	view_place
41	Can add media file	11	add_mediafile
42	Can change media file	11	change_mediafile
43	Can delete media file	11	delete_mediafile
44	Can view media file	11	view_mediafile
45	Can add user query	12	add_userquery
46	Can change user query	12	change_userquery
47	Can delete user query	12	delete_userquery
48	Can view user query	12	view_userquery
49	Can add subscription	13	add_subscription
50	Can change subscription	13	change_subscription
51	Can delete subscription	13	delete_subscription
52	Can view subscription	13	view_subscription
53	Can add place description	14	add_placedescription
54	Can change place description	14	change_placedescription
55	Can delete place description	14	delete_placedescription
56	Can view place description	14	view_placedescription
\.


--
-- TOC entry 3489 (class 0 OID 16585)
-- Dependencies: 220
-- Data for Name: auth_user; Type: TABLE DATA; Schema: public; Owner: aroundmego_admin
--

COPY public.auth_user (id, password, last_login, is_superuser, username, first_name, last_name, email, is_staff, is_active, date_joined) FROM stdin;
2	pbkdf2_sha256$870000$cVO7qV9Y2ir0b7Vj85ev7T$bTeJvcs0tMyXebE1PRrGaRooVjdEGDb/2gm4nDuUQCI=	2024-10-14 05:09:25.89832+03	f	UnyGuide				f	t	2024-10-14 04:55:34.945976+03
3	pbkdf2_sha256$870000$jQyirzVJNw8ZPD70CEThzs$0/4MYk7/UeTAJHx0XZ70tz2DozJ/4dzfAA/NM0yt8qw=	\N	f	UnyMegaGuide				f	t	2024-10-14 05:10:04.479041+03
1	pbkdf2_sha256$870000$ZtNkUjdZgsxoyUC47eg5If$rA7bVg3f0DTZeBmqxTs0/O8VLOs9kVLq1kRWOnWQciI=	2024-10-14 07:53:47.811129+03	f	unypoona			unypoona@gmail.com	f	t	2024-10-13 19:40:12.855011+03
\.


--
-- TOC entry 3491 (class 0 OID 16593)
-- Dependencies: 222
-- Data for Name: auth_user_groups; Type: TABLE DATA; Schema: public; Owner: aroundmego_admin
--

COPY public.auth_user_groups (id, user_id, group_id) FROM stdin;
\.


--
-- TOC entry 3493 (class 0 OID 16599)
-- Dependencies: 224
-- Data for Name: auth_user_user_permissions; Type: TABLE DATA; Schema: public; Owner: aroundmego_admin
--

COPY public.auth_user_user_permissions (id, user_id, permission_id) FROM stdin;
\.


--
-- TOC entry 3497 (class 0 OID 16686)
-- Dependencies: 228
-- Data for Name: core_author; Type: TABLE DATA; Schema: public; Owner: aroundmego_admin
--

COPY public.core_author (id, name, email, created_at) FROM stdin;
1	GPT	unypoona@gmail.com	2024-10-14 00:00:00+03
2	SuperGuide	SuperGuide@guidemails.com	2024-10-14 00:00:00+03
\.


--
-- TOC entry 3501 (class 0 OID 16708)
-- Dependencies: 232
-- Data for Name: core_description; Type: TABLE DATA; Schema: public; Owner: aroundmego_admin
--

COPY public.core_description (id, content, created_at, author_id, image_url) FROM stdin;
4	Эрмитаж — важная историческая достопримечательность Санкт-Петербурга.	2024-10-14 12:00:00+03	\N	\N
5	Эрмитаж символизирует уникальность культуры Санкт-Петербурга.	2024-10-14 12:00:00+03	1	\N
6	Узнайте больше об Эрмитаже с эксклюзивными деталями от SuperGuide!	2024-10-14 12:00:00+03	2	\N
7	Исаакиевский собор — важная историческая достопримечательность Санкт-Петербурга.	2024-10-14 12:00:00+03	\N	\N
8	Исаакиевский собор символизирует уникальность культуры Санкт-Петербурга.	2024-10-14 12:00:00+03	1	\N
9	Узнайте больше об Исаакиевском соборе с эксклюзивными деталями от SuperGuide!	2024-10-14 12:00:00+03	2	\N
10	Медный всадник — важная историческая достопримечательность Санкт-Петербурга.	2024-10-14 12:00:00+03	\N	\N
11	Медный всадник символизирует уникальность культуры Санкт-Петербурга.	2024-10-14 12:00:00+03	1	\N
12	Узнайте больше о Медном всаднике с эксклюзивными деталями от SuperGuide!	2024-10-14 12:00:00+03	2	\N
13	Адмиралтейство — важная историческая достопримечательность Санкт-Петербурга.	2024-10-14 12:00:00+03	\N	\N
14	Адмиралтейство символизирует уникальность культуры Санкт-Петербурга.	2024-10-14 12:00:00+03	1	\N
15	Узнайте больше об Адмиралтействе с эксклюзивными деталями от SuperGuide!	2024-10-14 12:00:00+03	2	\N
16	Кунсткамера — важная историческая достопримечательность Санкт-Петербурга.	2024-10-14 12:00:00+03	\N	\N
17	Кунсткамера символизирует уникальность культуры Санкт-Петербурга.	2024-10-14 12:00:00+03	1	\N
18	Узнайте больше о Кунсткамере с эксклюзивными деталями от SuperGuide!	2024-10-14 12:00:00+03	2	\N
19	Крейсер Аврора — важная историческая достопримечательность Санкт-Петербурга.	2024-10-14 12:00:00+03	\N	\N
20	Крейсер Аврора символизирует уникальность культуры Санкт-Петербурга.	2024-10-14 12:00:00+03	1	\N
21	Узнайте больше о Крейсере Аврора с эксклюзивными деталями от SuperGuide!	2024-10-14 12:00:00+03	2	\N
22	Казанский собор — важная историческая достопримечательность Санкт-Петербурга.	2024-10-14 12:00:00+03	\N	\N
23	Казанский собор символизирует уникальность культуры Санкт-Петербурга.	2024-10-14 12:00:00+03	1	\N
24	Узнайте больше о Казанском соборе с эксклюзивными деталями от SuperGuide!	2024-10-14 12:00:00+03	2	\N
25	Летний сад — важная историческая достопримечательность Санкт-Петербурга.	2024-10-14 12:00:00+03	\N	\N
26	Летний сад символизирует уникальность культуры Санкт-Петербурга.	2024-10-14 12:00:00+03	1	\N
27	Узнайте больше о Летнем саде с эксклюзивными деталями от SuperGuide!	2024-10-14 12:00:00+03	2	\N
28	Мариинский театр — важная историческая достопримечательность Санкт-Петербурга.	2024-10-14 12:00:00+03	\N	\N
29	Мариинский театр символизирует уникальность культуры Санкт-Петербурга.	2024-10-14 12:00:00+03	1	\N
30	Узнайте больше о Мариинском театре с эксклюзивными деталями от SuperGuide!	2024-10-14 12:00:00+03	2	\N
31	Юсуповский дворец — важная историческая достопримечательность Санкт-Петербурга.	2024-10-14 12:00:00+03	\N	\N
32	Юсуповский дворец символизирует уникальность культуры Санкт-Петербурга.	2024-10-14 12:00:00+03	1	\N
33	Узнайте больше о Юсуповском дворце с эксклюзивными деталями от SuperGuide!	2024-10-14 12:00:00+03	2	\N
34	Русский музей — важная историческая достопримечательность Санкт-Петербурга.	2024-10-14 12:00:00+03	\N	\N
35	Русский музей символизирует уникальность культуры Санкт-Петербурга.	2024-10-14 12:00:00+03	1	\N
36	Узнайте больше о Русском музее с эксклюзивными деталями от SuperGuide!	2024-10-14 12:00:00+03	2	\N
37	Марсово поле — важная историческая достопримечательность Санкт-Петербурга.	2024-10-14 12:00:00+03	\N	\N
38	Марсово поле символизирует уникальность культуры Санкт-Петербурга.	2024-10-14 12:00:00+03	1	\N
39	Узнайте больше о Марсовом поле с эксклюзивными деталями от SuperGuide!	2024-10-14 12:00:00+03	2	\N
40	Троицкий собор — важная историческая достопримечательность Санкт-Петербурга.	2024-10-14 12:00:00+03	\N	\N
41	Троицкий собор символизирует уникальность культуры Санкт-Петербурга.	2024-10-14 12:00:00+03	1	\N
42	Узнайте больше о Троицком соборе с эксклюзивными деталями от SuperGuide!	2024-10-14 12:00:00+03	2	\N
43	Никольский собор — важная историческая достопримечательность Санкт-Петербурга.	2024-10-14 12:00:00+03	\N	\N
44	Никольский собор символизирует уникальность культуры Санкт-Петербурга.	2024-10-14 12:00:00+03	1	\N
45	Узнайте больше о Никольском соборе с эксклюзивными деталями от SuperGuide!	2024-10-14 12:00:00+03	2	\N
46	Михайловский дворец — важная историческая достопримечательность Санкт-Петербурга.	2024-10-14 12:00:00+03	\N	\N
47	Михайловский дворец символизирует уникальность культуры Санкт-Петербурга.	2024-10-14 12:00:00+03	1	\N
48	Узнайте больше о Михайловском дворце с эксклюзивными деталями от SuperGuide!	2024-10-14 12:00:00+03	2	\N
49	Петродворец — важная историческая достопримечательность Санкт-Петербурга.	2024-10-14 12:00:00+03	\N	\N
50	Петродворец символизирует уникальность культуры Санкт-Петербурга.	2024-10-14 12:00:00+03	1	\N
51	Узнайте больше о Петродворце с эксклюзивными деталями от SuperGuide!	2024-10-14 12:00:00+03	2	\N
52	Царское Село — важная историческая достопримечательность Санкт-Петербурга.	2024-10-14 12:00:00+03	\N	\N
53	Царское Село символизирует уникальность культуры Санкт-Петербурга.	2024-10-14 12:00:00+03	1	\N
54	Узнайте больше о Царском Селе с эксклюзивными деталями от SuperGuide!	2024-10-14 12:00:00+03	2	\N
61	Александро-Невская лавра — важная историческая достопримечательность Санкт-Петербурга.	2024-10-14 12:00:00+03	\N	\N
62	Александро-Невская лавра символизирует уникальность культуры Санкт-Петербурга.	2024-10-14 12:00:00+03	1	\N
63	Узнайте больше об Александро-Невской лавре с эксклюзивными деталями от SuperGuide!	2024-10-14 12:00:00+03	2	\N
64	Зоологический музей — важная историческая достопримечательность Санкт-Петербурга.	2024-10-14 12:00:00+03	\N	\N
65	Зоологический музей символизирует уникальность культуры Санкт-Петербурга.	2024-10-14 12:00:00+03	1	\N
66	Узнайте больше о Зоологическом музее с эксклюзивными деталями от SuperGuide!	2024-10-14 12:00:00+03	2	\N
67	Новая Голландия — важная историческая достопримечательность Санкт-Петербурга.	2024-10-14 12:00:00+03	\N	\N
68	Новая Голландия символизирует уникальность культуры Санкт-Петербурга.	2024-10-14 12:00:00+03	1	\N
69	Узнайте больше о Новой Голландии с эксклюзивными деталями от SuperGuide!	2024-10-14 12:00:00+03	2	\N
70	Кронштадт — важная историческая достопримечательность Санкт-Петербурга.	2024-10-14 12:00:00+03	\N	\N
71	Кронштадт символизирует уникальность культуры Санкт-Петербурга.	2024-10-14 12:00:00+03	1	\N
72	Узнайте больше о Кронштадте с эксклюзивными деталями от SuperGuide!	2024-10-14 12:00:00+03	2	\N
73	Гатчина — важная историческая достопримечательность Санкт-Петербурга.	2024-10-14 12:00:00+03	\N	\N
74	Гатчина символизирует уникальность культуры Санкт-Петербурга.	2024-10-14 12:00:00+03	1	\N
75	Узнайте больше о Гатчине с эксклюзивными деталями от SuperGuide!	2024-10-14 12:00:00+03	2	\N
76	Спас-на-Крови — важная историческая достопримечательность Санкт-Петербурга.	2024-10-14 12:00:00+03	\N	\N
77	Спас-на-Крови символизирует уникальность культуры Санкт-Петербурга.	2024-10-14 12:00:00+03	1	\N
78	Узнайте больше о Спасе-на-Крови с эксклюзивными деталями от SuperGuide!	2024-10-14 12:00:00+03	2	\N
79	Смольный собор — важная историческая достопримечательность Санкт-Петербурга.	2024-10-14 12:00:00+03	\N	\N
80	Смольный собор символизирует уникальность культуры Санкт-Петербурга.	2024-10-14 12:00:00+03	1	\N
81	Узнайте больше о Смольном соборе с эксклюзивными деталями от SuperGuide!	2024-10-14 12:00:00+03	2	\N
82	Гостиный двор — важная историческая достопримечательность Санкт-Петербурга.	2024-10-14 12:00:00+03	\N	\N
83	Гостиный двор символизирует уникальность культуры Санкт-Петербурга.	2024-10-14 12:00:00+03	1	\N
84	Узнайте больше о Гостином дворе с эксклюзивными деталями от SuperGuide!	2024-10-14 12:00:00+03	2	\N
85	Таврический сад — важная историческая достопримечательность Санкт-Петербурга.	2024-10-14 12:00:00+03	\N	\N
86	Таврический сад символизирует уникальность культуры Санкт-Петербурга.	2024-10-14 12:00:00+03	1	\N
87	Узнайте больше о Таврическом саде с эксклюзивными деталями от SuperGuide!	2024-10-14 12:00:00+03	2	\N
88	Театр балета имени Якобсона — важная историческая достопримечательность Санкт-Петербурга.	2024-10-14 12:00:00+03	\N	\N
89	Театр балета имени Якобсона символизирует уникальность культуры Санкт-Петербурга.	2024-10-14 12:00:00+03	1	\N
90	Узнайте больше о Театре балета имени Якобсона с эксклюзивными деталями от SuperGuide!	2024-10-14 12:00:00+03	2	\N
91	Казачий собор — важная историческая достопримечательность Санкт-Петербурга.	2024-10-14 12:00:00+03	\N	\N
92	Казачий собор символизирует уникальность культуры Санкт-Петербурга.	2024-10-14 12:00:00+03	1	\N
93	Узнайте больше о Казачьем соборе с эксклюзивными деталями от SuperGuide!	2024-10-14 12:00:00+03	2	\N
94	Парк Победы — важная историческая достопримечательность Санкт-Петербурга.	2024-10-14 12:00:00+03	\N	\N
95	Парк Победы символизирует уникальность культуры Санкт-Петербурга.	2024-10-14 12:00:00+03	1	\N
96	Узнайте больше о Парке Победы с эксклюзивными деталями от SuperGuide!	2024-10-14 12:00:00+03	2	\N
97	Музей железных дорог России — важная историческая достопримечательность Санкт-Петербурга.	2024-10-14 12:00:00+03	\N	\N
98	Музей железных дорог России символизирует уникальность культуры Санкт-Петербурга.	2024-10-14 12:00:00+03	1	\N
99	Узнайте больше о Музее железных дорог России с эксклюзивными деталями от SuperGuide!	2024-10-14 12:00:00+03	2	\N
100	Литературный музей Пушкина — важная историческая достопримечательность Санкт-Петербурга.	2024-10-14 12:00:00+03	\N	\N
101	Литературный музей Пушкина символизирует уникальность культуры Санкт-Петербурга.	2024-10-14 12:00:00+03	1	\N
102	Узнайте больше о Литературном музее Пушкина с эксклюзивными деталями от SuperGuide!	2024-10-14 12:00:00+03	2	\N
103	Ленинградский зоопарк — важная историческая достопримечательность Санкт-Петербурга.	2024-10-14 12:00:00+03	\N	\N
104	Ленинградский зоопарк символизирует уникальность культуры Санкт-Петербурга.	2024-10-14 12:00:00+03	1	\N
105	Узнайте больше о Ленинградском зоопарке с эксклюзивными деталями от SuperGuide!	2024-10-14 12:00:00+03	2	\N
106	Музей Фаберже — важная историческая достопримечательность Санкт-Петербурга.	2024-10-14 12:00:00+03	\N	\N
107	Музей Фаберже символизирует уникальность культуры Санкт-Петербурга.	2024-10-14 12:00:00+03	1	\N
108	Узнайте больше о Музее Фаберже с эксклюзивными деталями от SuperGuide!	2024-10-14 12:00:00+03	2	\N
109	Океанариум — важная историческая достопримечательность Санкт-Петербурга.	2024-10-14 12:00:00+03	\N	\N
110	Океанариум символизирует уникальность культуры Санкт-Петербурга.	2024-10-14 12:00:00+03	1	\N
111	Узнайте больше об Океанариуме с эксклюзивными деталями от SuperGuide!	2024-10-14 12:00:00+03	2	\N
112	Парк Александрино — важная историческая достопримечательность Санкт-Петербурга.	2024-10-14 12:00:00+03	\N	\N
113	Парк Александрино символизирует уникальность культуры Санкт-Петербурга.	2024-10-14 12:00:00+03	1	\N
114	Узнайте больше о Парке Александрино с эксклюзивными деталями от SuperGuide!	2024-10-14 12:00:00+03	2	\N
115	Сергиевская дача — важная историческая достопримечательность Санкт-Петербурга.	2024-10-14 12:00:00+03	\N	\N
116	Сергиевская дача символизирует уникальность культуры Санкт-Петербурга.	2024-10-14 12:00:00+03	1	\N
117	Узнайте больше о Сергиевской даче с эксклюзивными деталями от SuperGuide!	2024-10-14 12:00:00+03	2	\N
118	Большой театр кукол — важная историческая достопримечательность Санкт-Петербурга.	2024-10-14 12:00:00+03	\N	\N
119	Большой театр кукол символизирует уникальность культуры Санкт-Петербурга.	2024-10-14 12:00:00+03	1	\N
120	Узнайте больше о Большом театре кукол с эксклюзивными деталями от SuperGuide!	2024-10-14 12:00:00+03	2	\N
1	Петропавловская крепость — один из ключевых символов Санкт-Петербурга и значимая историческая достопримечательность города. Она была заложена 16 мая 1703 года по указу Петра I на Заячьем острове и стала первой постройкой нового города, положив основу Санкт-Петербургу. Это событие считается началом истории города.\n\nКрепость имеет стратегическое значение, так как была возведена для защиты новых земель Российской империи от возможных шведских атак в ходе Северной войны. Строительство велось под руководством известных архитекторов Доминико Трезини и Жана-Батиста Леблона.\n\nАрхитектурный ансамбль крепости включает в себя несколько зданий и сооружений, главным из которых является Петропавловский собор с его позолоченным шпилем. Этот собор долгое время был самым высоким зданием в Санкт-Петербурге. В нем находятся усыпальницы российских императоров, начиная с Петра I и его семьи. Высота шпиля собора достигает 122,5 метров, и на его вершине находится позолоченная фигура ангела, который стал одним из символов города.\n\nДругие важные объекты внутри крепости — это Большая Петровская куртина, бастионы, государственная тюрьма Трубецкого бастиона, а также Монетный двор, где чеканили российские монеты. Петропавловская крепость также известна своими бастионами, которые носят имена сподвижников Петра I, таких как Нарышкинский и Зотовский бастионы.\n\nСегодня Петропавловская крепость является частью Государственного музея истории Санкт-Петербурга. На ее территории проводятся различные культурные мероприятия, выставки и праздники, а ежедневно с Нарышкинского бастиона производится выстрел из пушки в полдень — традиция, которая сохранилась со времен Петра I.\n\nКрепость имеет важное значение не только как исторический памятник, но и как культурное сердце города, предлагая своим посетителям богатую экскурсионную программу, знакомящую с историей Санкт-Петербурга, Российской империи и архитектурным наследием страны.	2024-10-14 12:00:00+03	\N	https://sk-moskvich.ru/attaches/files/fb3bdd937b69528ed4ade2865c3a10df.jpg
2	Петропавловская крепость — важнейший объект в истории основания Санкт-Петербурга и один из старейших архитектурных памятников города. Заложенная в 1703 году на Заячьем острове по приказу Петра I, крепость изначально предназначалась для обороны от шведских войск в период Северной войны. Однако, по завершении войны, она никогда не использовалась по своему прямому назначению как оборонительное сооружение.\n\nПлан крепости был выполнен в форме шестиугольной звезды, что являлось передовой фортификационной концепцией того времени. По периметру располагались бастионы, названные в честь ближайших соратников Петра I, например, Меншиковский и Головкинский бастионы.\n\nКлючевым элементом архитектурного ансамбля является Петропавловский собор, который был завершен в 1733 году. Его архитектура необычна для традиционной русской церковной постройки, так как выполнена в стиле раннего барокко. Собор стал усыпальницей почти всех российских императоров и императриц, начиная с Петра I до Николая II. В 1998 году останки последнего российского императора Николая II и членов его семьи были перенесены в этот собор, что сделало это место еще более значимым.\n\nПетропавловская крепость долгое время выполняла функции не только военной базы, но и государственной тюрьмы. Известными заключенными крепости были декабристы, писатель Федор Достоевский, революционер Александр Ульянов (брат Владимира Ленина), а также многие другие политические деятели и активисты.\n\nНа территории крепости находится Монетный двор, основанный в 1724 году и функционирующий до сих пор. Здесь на протяжении многих веков чеканили российские монеты и медали.\n\nКрепость знаменита также своей традицией полуденного выстрела, которая существует с конца XIX века. Ежедневно в 12:00 с Нарышкинского бастиона раздается выстрел из пушки, символизирующий начало нового дня.\n\nСейчас Петропавловская крепость является популярным туристическим объектом и частью Государственного музея истории Санкт-Петербурга. Посетители могут прогуляться по бастионам, посетить музейные экспозиции и подняться на колокольню Петропавловского собора, откуда открывается панорамный вид на исторический центр города.	2024-10-14 12:00:00+03	1	https://kuda-spb.ru/uploads/c25584d032a58bdb3e6d5703c052bf25.jpg
3	Cегодня я расскажу вам о жемчужине Санкт-Петербурга — Петропавловской крепости. Это не просто крепость — это самое сердце города, с которого началась его история. Представьте себе: 27 мая 1703 года по указу Петра I на Заячьем острове был заложен первый камень будущего города, и именно на этом месте мы с вами сейчас находимся!\n\nПетропавловская крепость строилась для обороны, чтобы защищать новые земли от шведов во время Северной войны. Но что интересно — за все время своего существования она так и не приняла участие в боевых действиях! Тем не менее, крепость стала важным стратегическим и символическим объектом Российской империи.\n\nГлавное сооружение на территории крепости — это Петропавловский собор с его знаменитым золотым шпилем высотой 122,5 метра. Это одно из самых высоких зданий в Петербурге, и наверху шпиля сверкает фигура ангела — один из символов города. Собор является усыпальницей российских императоров, начиная с Петра Великого. Здесь покоятся почти все российские императоры, включая Петра I и Екатерину Великую. А в 1998 году сюда были перенесены останки Николая II и его семьи.\n\nЕще одна интересная деталь — крепость служила государственной тюрьмой. Здесь содержались многие знаменитые заключенные, включая царевича Алексея, сына Петра I, а позже — революционеров, таких как декабристы и брат Ленина, Александр Ульянов. Можно только представить, какие драмы разыгрывались в этих стенах.\n\nПетропавловская крепость — это не только историческая достопримечательность, но и активная часть культурной жизни города. Например, наверняка вы слышали о знаменитом полуденном выстреле. Каждый день в 12:00 с Нарышкинского бастиона раздается выстрел из пушки — это традиция, которая поддерживается с XIX века. По этому выстрелу можно сверять часы!\n\nА теперь приглашаю вас пройтись по территории крепости, заглянуть в Петропавловский собор, посетить музейные экспозиции и, конечно, не пропустите возможность подняться на колокольню. Отсюда открывается потрясающий вид на Неву и исторический центр Санкт-Петербурга.	2024-10-14 12:00:00+03	2	https://petropavlovskaya-krepost.ru/image/data/petr-krepost%20(1).jpg
55	Елагин остров, расположенный в центре Санкт-Петербурга, является одним из самых живописных и исторически значимых островов города. Его история начинается в XVIII веке, когда он стал излюбленным местом отдыха для российской аристократии. На острове находилась загородная резиденция графа Алексея Орлова, а затем — дача Николая I. Уникальные архитектурные ансамбли и парковые ландшафты сохраняют дух той эпохи, погружая посетителей в атмосферу былых времен. Сегодня на Елагином острове располагается множество культурных учреждений, включая Государственный музей городского электрического транспорта и Центр современной культуры "Елагин остров".	2024-10-14 12:00:00+03	\N	https://elaginpark.org/upload/iblock/cc0/cc0df789c946636ac1b487ce3e2e244b.jpg
56	Елагин остров славится своими природными красотами и ухоженными парками. Здесь находятся живописные аллеи, ухоженные газоны и старинные деревья, создающие неповторимую атмосферу спокойствия и уединения. Остров окружен водой, что добавляет ему особый шарм. В теплое время года жители и туристы любят гулять по его тропинкам, устраивать пикники на берегу и наслаждаться великолепными видами на Неву. Птичьи гнезда, цветущие клумбы и ухоженные ландшафты делают это место настоящим оазисом в городской суете.	2024-10-14 12:00:00+03	1	https://elaginpark.org/upload/iblock/ae6/ae62bc02e2de672a5c244810feb64ea5.jpg
57	Елагин остров — это не только природные красоты, но и культурный центр Санкт-Петербурга. На его территории регулярно проходят различные мероприятия, фестивали и выставки, привлекающие как местных жителей, так и туристов. Одним из самых популярных событий является "День города", когда остров становится площадкой для выступлений артистов, мастер-классов и спортивных соревнований. Также на Елагином острове проводятся выставки современного искусства, кинопоказы и литературные чтения. Это место, где культурная жизнь активно переплетается с природной красотой, создавая уникальную атмосферу для вдохновения и творчества.	2024-10-14 12:00:00+03	2	https://cdn.tripster.ru/thumbs2/0b4c50b6-2149-11ef-9b16-1ac1dab52be8.1220x600.jpeg
58	Парк 300-летия Санкт-Петербурга был открыт в 2003 году в честь трехсотлетия города и стал символом его исторического развития и культурного наследия. Расположенный на побережье Финского залива, парк занимает площадь около 40 гектаров и сочетает в себе элементы исторической архитектуры и современного дизайна. Одной из главных достопримечательностей парка является памятник основателю города Петру I, который олицетворяет дух основоположника Санкт-Петербурга и его стремление к развитию. Парк также включает в себя множество аллей, фонтанов и спортивных площадок, что делает его идеальным местом для отдыха и прогулок.	2024-10-14 12:00:00+03	\N	https://kuda-spb.ru/uploads/cd9bb41fcb7979127c56024d2a92ad32.jpg
59	Парк 300-летия Санкт-Петербурга известен своими живописными пейзажами и разнообразием природных элементов. Здесь можно насладиться великолепными видами на Финский залив, ухоженными зелеными насаждениями и красочными цветниками. Парк идеально подходит для прогулок на свежем воздухе, семейных пикников и активного отдыха. В теплое время года посетители могут воспользоваться велодорожками, спортивными площадками и зонами для игр с детьми. Вдоль набережной расположены уютные кафе и рестораны, где можно насладиться вкусной едой, любуясь прекрасными видами залива.	2024-10-14 12:00:00+03	1	https://hotelnevskiy.ru/wp-content/uploads/2019/09/BC5B3568-3F6E-42FE-A769-4D55BDDE4280.jpeg
60	Парк 300-летия Санкт-Петербурга активно участвует в культурной жизни города, проводя различные мероприятия и праздники. Здесь регулярно организуются концерты, выставки, фестивали и спортивные соревнования, которые привлекают как местных жителей, так и туристов. Одним из самых ожидаемых событий является фестиваль "Летний сад", где можно увидеть выступления музыкантов, художников и ремесленников. Парк также является площадкой для организации массовых мероприятий, таких как День города, что делает его центром общественной жизни и культурного обмена в Санкт-Петербурге.	2024-10-14 12:00:00+03	2	https://static.sobaka.ru/images/image/01/46/70/94/_normal.jpg?v=1630063858
\.


--
-- TOC entry 3503 (class 0 OID 16716)
-- Dependencies: 234
-- Data for Name: core_place; Type: TABLE DATA; Schema: public; Owner: aroundmego_admin
--

COPY public.core_place (id, name, latitude, longitude, created_at) FROM stdin;
1	Петропавловская крепость	59.950000	30.316667	2024-10-14 12:00:00+03
2	Эрмитаж	59.939832	30.315000	2024-10-14 12:00:00+03
3	Исаакиевский собор	59.934280	30.306020	2024-10-14 12:00:00+03
4	Медный всадник	59.937750	30.313283	2024-10-14 12:00:00+03
5	Адмиралтейство	59.940636	30.308611	2024-10-14 12:00:00+03
6	Кунсткамера	59.942146	30.303355	2024-10-14 12:00:00+03
7	Крейсер Аврора	59.955000	30.337000	2024-10-14 12:00:00+03
8	Казанский собор	59.934444	30.324722	2024-10-14 12:00:00+03
9	Летний сад	59.948889	30.337778	2024-10-14 12:00:00+03
10	Мариинский театр	59.922444	30.298833	2024-10-14 12:00:00+03
11	Юсуповский дворец	59.921944	30.294722	2024-10-14 12:00:00+03
12	Русский музей	59.938611	30.328611	2024-10-14 12:00:00+03
13	Марсово поле	59.944444	30.329444	2024-10-14 12:00:00+03
14	Троицкий собор	59.922222	30.314444	2024-10-14 12:00:00+03
15	Никольский собор	59.920278	30.297778	2024-10-14 12:00:00+03
16	Михайловский дворец	59.939167	30.333056	2024-10-14 12:00:00+03
17	Петродворец	59.884722	29.904167	2024-10-14 12:00:00+03
18	Царское Село	59.715000	30.394167	2024-10-14 12:00:00+03
19	Елагин остров	59.976389	30.252778	2024-10-14 12:00:00+03
20	Парк 300-летия Санкт-Петербурга	59.983889	30.192500	2024-10-14 12:00:00+03
21	Александро-Невская лавра	59.923056	30.386111	2024-10-14 12:00:00+03
22	Зоологический музей	59.942222	30.297222	2024-10-14 12:00:00+03
23	Новая Голландия	59.924167	30.291944	2024-10-14 12:00:00+03
24	Кронштадт	60.005833	29.764722	2024-10-14 12:00:00+03
25	Гатчина	59.564167	30.128333	2024-10-14 12:00:00+03
26	Спас-на-Крови	59.940556	30.328333	2024-10-14 12:00:00+03
27	Смольный собор	59.944167	30.395833	2024-10-14 12:00:00+03
28	Гостиный двор	59.933889	30.335278	2024-10-14 12:00:00+03
29	Таврический сад	59.950833	30.378333	2024-10-14 12:00:00+03
30	Театр балета имени Якобсона	59.931667	30.357222	2024-10-14 12:00:00+03
31	Казачий собор	59.924444	30.295556	2024-10-14 12:00:00+03
32	Парк Победы	59.870278	30.329722	2024-10-14 12:00:00+03
33	Музей железных дорог России	59.926944	30.363611	2024-10-14 12:00:00+03
34	Литературный музей Пушкина	59.938611	30.342222	2024-10-14 12:00:00+03
35	Ленинградский зоопарк	59.956111	30.305833	2024-10-14 12:00:00+03
36	Музей Фаберже	59.933333	30.348611	2024-10-14 12:00:00+03
37	Океанариум	59.927222	30.342778	2024-10-14 12:00:00+03
38	Парк Александрино	59.833056	30.202500	2024-10-14 12:00:00+03
39	Сергиевская дача	59.920833	30.290278	2024-10-14 12:00:00+03
40	Большой театр кукол	59.930000	30.361000	2024-10-14 12:00:00+03
\.


--
-- TOC entry 3510 (class 0 OID 16804)
-- Dependencies: 241
-- Data for Name: core_placedescription; Type: TABLE DATA; Schema: public; Owner: aroundmego_admin
--

COPY public.core_placedescription (id, description_id, place_id) FROM stdin;
1	1	1
2	2	1
3	3	1
4	4	2
5	5	2
6	6	2
7	7	3
8	8	3
9	9	3
10	10	4
11	11	4
12	12	4
13	13	5
14	14	5
15	15	5
16	16	6
17	17	6
18	18	6
19	19	7
20	20	7
21	21	7
22	22	8
23	23	8
24	24	8
25	25	9
26	26	9
27	27	9
28	28	10
29	29	10
30	30	10
31	31	11
32	32	11
33	33	11
34	34	12
35	35	12
36	36	12
37	37	13
38	38	13
39	39	13
40	40	14
41	41	14
42	42	14
43	43	15
44	44	15
45	45	15
46	46	16
47	47	16
48	48	16
49	49	17
50	50	17
51	51	17
52	52	18
53	53	18
54	54	18
55	55	19
57	57	19
58	58	20
59	59	20
60	60	20
61	61	21
62	62	21
63	63	21
64	64	22
65	65	22
66	66	22
67	67	23
68	68	23
69	69	23
70	70	24
71	71	24
72	72	24
73	73	25
74	74	25
75	75	25
76	76	26
77	77	26
78	78	26
79	79	27
80	80	27
81	81	27
82	82	28
83	83	28
84	84	28
85	85	29
86	86	29
87	87	29
88	88	30
89	89	30
90	90	30
91	91	31
92	92	31
93	93	31
94	94	32
95	95	32
96	96	32
97	97	33
98	98	33
99	99	33
100	100	34
101	101	34
102	102	34
103	103	35
104	104	35
105	105	35
106	106	36
107	107	36
108	108	36
109	109	37
110	110	37
111	111	37
112	112	38
113	113	38
114	114	38
115	115	39
116	116	39
117	117	39
118	118	40
119	119	40
120	120	40
\.


--
-- TOC entry 3508 (class 0 OID 16786)
-- Dependencies: 239
-- Data for Name: core_subscription; Type: TABLE DATA; Schema: public; Owner: aroundmego_admin
--

COPY public.core_subscription (id, created_at, author_id, user_id) FROM stdin;
\.


--
-- TOC entry 3499 (class 0 OID 16696)
-- Dependencies: 230
-- Data for Name: core_user; Type: TABLE DATA; Schema: public; Owner: aroundmego_admin
--

COPY public.core_user (id, username, email, telegram_id, created_at) FROM stdin;
\.


--
-- TOC entry 3505 (class 0 OID 16730)
-- Dependencies: 236
-- Data for Name: core_userquery; Type: TABLE DATA; Schema: public; Owner: aroundmego_admin
--

COPY public.core_userquery (id, latitude, longitude, query_time, created_at, place_id, user_id) FROM stdin;
\.


--
-- TOC entry 3495 (class 0 OID 16657)
-- Dependencies: 226
-- Data for Name: django_admin_log; Type: TABLE DATA; Schema: public; Owner: aroundmego_admin
--

COPY public.django_admin_log (id, action_time, object_id, object_repr, action_flag, change_message, content_type_id, user_id) FROM stdin;
\.


--
-- TOC entry 3481 (class 0 OID 16557)
-- Dependencies: 212
-- Data for Name: django_content_type; Type: TABLE DATA; Schema: public; Owner: aroundmego_admin
--

COPY public.django_content_type (id, app_label, model) FROM stdin;
1	admin	logentry
2	auth	permission
3	auth	group
4	auth	user
5	contenttypes	contenttype
6	sessions	session
7	core	author
8	core	user
9	core	description
10	core	place
11	core	mediafile
12	core	userquery
13	core	subscription
14	core	placedescription
\.


--
-- TOC entry 3479 (class 0 OID 16549)
-- Dependencies: 210
-- Data for Name: django_migrations; Type: TABLE DATA; Schema: public; Owner: aroundmego_admin
--

COPY public.django_migrations (id, app, name, applied) FROM stdin;
1	contenttypes	0001_initial	2024-10-08 01:59:57.798149+03
2	auth	0001_initial	2024-10-08 01:59:57.927304+03
3	admin	0001_initial	2024-10-08 01:59:57.957944+03
4	admin	0002_logentry_remove_auto_add	2024-10-08 01:59:57.963955+03
5	admin	0003_logentry_add_action_flag_choices	2024-10-08 01:59:57.983955+03
6	contenttypes	0002_remove_content_type_name	2024-10-08 01:59:57.997944+03
7	auth	0002_alter_permission_name_max_length	2024-10-08 01:59:58.003945+03
8	auth	0003_alter_user_email_max_length	2024-10-08 01:59:58.009956+03
9	auth	0004_alter_user_username_opts	2024-10-08 01:59:58.015946+03
10	auth	0005_alter_user_last_login_null	2024-10-08 01:59:58.021946+03
11	auth	0006_require_contenttypes_0002	2024-10-08 01:59:58.022454+03
12	auth	0007_alter_validators_add_error_messages	2024-10-08 01:59:58.027467+03
13	auth	0008_alter_user_username_max_length	2024-10-08 01:59:58.04248+03
14	auth	0009_alter_user_last_name_max_length	2024-10-08 01:59:58.04848+03
15	auth	0010_alter_group_name_max_length	2024-10-08 01:59:58.05548+03
16	auth	0011_update_proxy_permissions	2024-10-08 01:59:58.059479+03
17	auth	0012_alter_user_first_name_max_length	2024-10-08 01:59:58.06548+03
18	core	0001_initial	2024-10-08 01:59:58.231362+03
19	sessions	0001_initial	2024-10-08 01:59:58.253353+03
20	core	0002_remove_description_is_generated_and_more	2024-10-14 01:09:29.192005+03
21	core	0003_placedescription	2024-10-14 03:47:14.955062+03
22	core	0004_remove_place_description	2024-10-14 04:09:32.053233+03
\.


--
-- TOC entry 3506 (class 0 OID 16774)
-- Dependencies: 237
-- Data for Name: django_session; Type: TABLE DATA; Schema: public; Owner: aroundmego_admin
--

COPY public.django_session (session_key, session_data, expire_date) FROM stdin;
sajvn1ehe1ffza228n2oiywu63ww3if4	e30:1t0AJ5:exGKRb59_M5dJpAU9q2-HkTO9KfSoH6xxflRG-0vr5A	2024-10-28 04:55:35.629985+03
yi2ct8gyx0lewwikibflxcze8ruisfpc	.eJxVjMEOwiAQRP-FsyGlhV3w6L3fQJaySNVAUtqT8d9tkx70OPPezFt42tbst8aLn6O4CiUuv12g6cnlAPFB5V7lVMu6zEEeijxpk2ON_Lqd7t9Bppb3NRIzaK0Umh51BAfWBZMc6w51SNYO2CtwtAcaWCG7EImhQ4UJyDjx-QLCajc5:1t0D5X:ss34oGa49kLZG6dYLbkA9pH703fjkQmKHf8w3yHiijM	2024-10-28 07:53:47.813128+03
\.


--
-- TOC entry 3518 (class 0 OID 0)
-- Dependencies: 215
-- Name: auth_group_id_seq; Type: SEQUENCE SET; Schema: public; Owner: aroundmego_admin
--

SELECT pg_catalog.setval('public.auth_group_id_seq', 1, false);


--
-- TOC entry 3519 (class 0 OID 0)
-- Dependencies: 217
-- Name: auth_group_permissions_id_seq; Type: SEQUENCE SET; Schema: public; Owner: aroundmego_admin
--

SELECT pg_catalog.setval('public.auth_group_permissions_id_seq', 1, false);


--
-- TOC entry 3520 (class 0 OID 0)
-- Dependencies: 213
-- Name: auth_permission_id_seq; Type: SEQUENCE SET; Schema: public; Owner: aroundmego_admin
--

SELECT pg_catalog.setval('public.auth_permission_id_seq', 56, true);


--
-- TOC entry 3521 (class 0 OID 0)
-- Dependencies: 221
-- Name: auth_user_groups_id_seq; Type: SEQUENCE SET; Schema: public; Owner: aroundmego_admin
--

SELECT pg_catalog.setval('public.auth_user_groups_id_seq', 1, false);


--
-- TOC entry 3522 (class 0 OID 0)
-- Dependencies: 219
-- Name: auth_user_id_seq; Type: SEQUENCE SET; Schema: public; Owner: aroundmego_admin
--

SELECT pg_catalog.setval('public.auth_user_id_seq', 3, true);


--
-- TOC entry 3523 (class 0 OID 0)
-- Dependencies: 223
-- Name: auth_user_user_permissions_id_seq; Type: SEQUENCE SET; Schema: public; Owner: aroundmego_admin
--

SELECT pg_catalog.setval('public.auth_user_user_permissions_id_seq', 1, false);


--
-- TOC entry 3524 (class 0 OID 0)
-- Dependencies: 227
-- Name: core_author_id_seq; Type: SEQUENCE SET; Schema: public; Owner: aroundmego_admin
--

SELECT pg_catalog.setval('public.core_author_id_seq', 2, true);


--
-- TOC entry 3525 (class 0 OID 0)
-- Dependencies: 231
-- Name: core_description_id_seq; Type: SEQUENCE SET; Schema: public; Owner: aroundmego_admin
--

SELECT pg_catalog.setval('public.core_description_id_seq', 75, true);


--
-- TOC entry 3526 (class 0 OID 0)
-- Dependencies: 233
-- Name: core_place_id_seq; Type: SEQUENCE SET; Schema: public; Owner: aroundmego_admin
--

SELECT pg_catalog.setval('public.core_place_id_seq', 71, true);


--
-- TOC entry 3527 (class 0 OID 0)
-- Dependencies: 240
-- Name: core_placedescription_id_seq; Type: SEQUENCE SET; Schema: public; Owner: aroundmego_admin
--

SELECT pg_catalog.setval('public.core_placedescription_id_seq', 72, true);


--
-- TOC entry 3528 (class 0 OID 0)
-- Dependencies: 238
-- Name: core_subscription_id_seq; Type: SEQUENCE SET; Schema: public; Owner: aroundmego_admin
--

SELECT pg_catalog.setval('public.core_subscription_id_seq', 1, false);


--
-- TOC entry 3529 (class 0 OID 0)
-- Dependencies: 229
-- Name: core_user_id_seq; Type: SEQUENCE SET; Schema: public; Owner: aroundmego_admin
--

SELECT pg_catalog.setval('public.core_user_id_seq', 1, false);


--
-- TOC entry 3530 (class 0 OID 0)
-- Dependencies: 235
-- Name: core_userquery_id_seq; Type: SEQUENCE SET; Schema: public; Owner: aroundmego_admin
--

SELECT pg_catalog.setval('public.core_userquery_id_seq', 1, false);


--
-- TOC entry 3531 (class 0 OID 0)
-- Dependencies: 225
-- Name: django_admin_log_id_seq; Type: SEQUENCE SET; Schema: public; Owner: aroundmego_admin
--

SELECT pg_catalog.setval('public.django_admin_log_id_seq', 1, false);


--
-- TOC entry 3532 (class 0 OID 0)
-- Dependencies: 211
-- Name: django_content_type_id_seq; Type: SEQUENCE SET; Schema: public; Owner: aroundmego_admin
--

SELECT pg_catalog.setval('public.django_content_type_id_seq', 14, true);


--
-- TOC entry 3533 (class 0 OID 0)
-- Dependencies: 209
-- Name: django_migrations_id_seq; Type: SEQUENCE SET; Schema: public; Owner: aroundmego_admin
--

SELECT pg_catalog.setval('public.django_migrations_id_seq', 22, true);


--
-- TOC entry 3257 (class 2606 OID 16683)
-- Name: auth_group auth_group_name_key; Type: CONSTRAINT; Schema: public; Owner: aroundmego_admin
--

ALTER TABLE ONLY public.auth_group
    ADD CONSTRAINT auth_group_name_key UNIQUE (name);


--
-- TOC entry 3262 (class 2606 OID 16614)
-- Name: auth_group_permissions auth_group_permissions_group_id_permission_id_0cd325b0_uniq; Type: CONSTRAINT; Schema: public; Owner: aroundmego_admin
--

ALTER TABLE ONLY public.auth_group_permissions
    ADD CONSTRAINT auth_group_permissions_group_id_permission_id_0cd325b0_uniq UNIQUE (group_id, permission_id);


--
-- TOC entry 3265 (class 2606 OID 16583)
-- Name: auth_group_permissions auth_group_permissions_pkey; Type: CONSTRAINT; Schema: public; Owner: aroundmego_admin
--

ALTER TABLE ONLY public.auth_group_permissions
    ADD CONSTRAINT auth_group_permissions_pkey PRIMARY KEY (id);


--
-- TOC entry 3259 (class 2606 OID 16575)
-- Name: auth_group auth_group_pkey; Type: CONSTRAINT; Schema: public; Owner: aroundmego_admin
--

ALTER TABLE ONLY public.auth_group
    ADD CONSTRAINT auth_group_pkey PRIMARY KEY (id);


--
-- TOC entry 3252 (class 2606 OID 16605)
-- Name: auth_permission auth_permission_content_type_id_codename_01ab375a_uniq; Type: CONSTRAINT; Schema: public; Owner: aroundmego_admin
--

ALTER TABLE ONLY public.auth_permission
    ADD CONSTRAINT auth_permission_content_type_id_codename_01ab375a_uniq UNIQUE (content_type_id, codename);


--
-- TOC entry 3254 (class 2606 OID 16569)
-- Name: auth_permission auth_permission_pkey; Type: CONSTRAINT; Schema: public; Owner: aroundmego_admin
--

ALTER TABLE ONLY public.auth_permission
    ADD CONSTRAINT auth_permission_pkey PRIMARY KEY (id);


--
-- TOC entry 3273 (class 2606 OID 16597)
-- Name: auth_user_groups auth_user_groups_pkey; Type: CONSTRAINT; Schema: public; Owner: aroundmego_admin
--

ALTER TABLE ONLY public.auth_user_groups
    ADD CONSTRAINT auth_user_groups_pkey PRIMARY KEY (id);


--
-- TOC entry 3276 (class 2606 OID 16629)
-- Name: auth_user_groups auth_user_groups_user_id_group_id_94350c0c_uniq; Type: CONSTRAINT; Schema: public; Owner: aroundmego_admin
--

ALTER TABLE ONLY public.auth_user_groups
    ADD CONSTRAINT auth_user_groups_user_id_group_id_94350c0c_uniq UNIQUE (user_id, group_id);


--
-- TOC entry 3267 (class 2606 OID 16589)
-- Name: auth_user auth_user_pkey; Type: CONSTRAINT; Schema: public; Owner: aroundmego_admin
--

ALTER TABLE ONLY public.auth_user
    ADD CONSTRAINT auth_user_pkey PRIMARY KEY (id);


--
-- TOC entry 3279 (class 2606 OID 16603)
-- Name: auth_user_user_permissions auth_user_user_permissions_pkey; Type: CONSTRAINT; Schema: public; Owner: aroundmego_admin
--

ALTER TABLE ONLY public.auth_user_user_permissions
    ADD CONSTRAINT auth_user_user_permissions_pkey PRIMARY KEY (id);


--
-- TOC entry 3282 (class 2606 OID 16643)
-- Name: auth_user_user_permissions auth_user_user_permissions_user_id_permission_id_14a6b632_uniq; Type: CONSTRAINT; Schema: public; Owner: aroundmego_admin
--

ALTER TABLE ONLY public.auth_user_user_permissions
    ADD CONSTRAINT auth_user_user_permissions_user_id_permission_id_14a6b632_uniq UNIQUE (user_id, permission_id);


--
-- TOC entry 3270 (class 2606 OID 16678)
-- Name: auth_user auth_user_username_key; Type: CONSTRAINT; Schema: public; Owner: aroundmego_admin
--

ALTER TABLE ONLY public.auth_user
    ADD CONSTRAINT auth_user_username_key UNIQUE (username);


--
-- TOC entry 3289 (class 2606 OID 16694)
-- Name: core_author core_author_email_key; Type: CONSTRAINT; Schema: public; Owner: aroundmego_admin
--

ALTER TABLE ONLY public.core_author
    ADD CONSTRAINT core_author_email_key UNIQUE (email);


--
-- TOC entry 3291 (class 2606 OID 16692)
-- Name: core_author core_author_pkey; Type: CONSTRAINT; Schema: public; Owner: aroundmego_admin
--

ALTER TABLE ONLY public.core_author
    ADD CONSTRAINT core_author_pkey PRIMARY KEY (id);


--
-- TOC entry 3302 (class 2606 OID 16714)
-- Name: core_description core_description_pkey; Type: CONSTRAINT; Schema: public; Owner: aroundmego_admin
--

ALTER TABLE ONLY public.core_description
    ADD CONSTRAINT core_description_pkey PRIMARY KEY (id);


--
-- TOC entry 3304 (class 2606 OID 16720)
-- Name: core_place core_place_pkey; Type: CONSTRAINT; Schema: public; Owner: aroundmego_admin
--

ALTER TABLE ONLY public.core_place
    ADD CONSTRAINT core_place_pkey PRIMARY KEY (id);


--
-- TOC entry 3319 (class 2606 OID 16808)
-- Name: core_placedescription core_placedescription_pkey; Type: CONSTRAINT; Schema: public; Owner: aroundmego_admin
--

ALTER TABLE ONLY public.core_placedescription
    ADD CONSTRAINT core_placedescription_pkey PRIMARY KEY (id);


--
-- TOC entry 3322 (class 2606 OID 16810)
-- Name: core_placedescription core_placedescription_place_id_description_id_d6c11305_uniq; Type: CONSTRAINT; Schema: public; Owner: aroundmego_admin
--

ALTER TABLE ONLY public.core_placedescription
    ADD CONSTRAINT core_placedescription_place_id_description_id_d6c11305_uniq UNIQUE (place_id, description_id);


--
-- TOC entry 3315 (class 2606 OID 16790)
-- Name: core_subscription core_subscription_pkey; Type: CONSTRAINT; Schema: public; Owner: aroundmego_admin
--

ALTER TABLE ONLY public.core_subscription
    ADD CONSTRAINT core_subscription_pkey PRIMARY KEY (id);


--
-- TOC entry 3294 (class 2606 OID 16704)
-- Name: core_user core_user_email_key; Type: CONSTRAINT; Schema: public; Owner: aroundmego_admin
--

ALTER TABLE ONLY public.core_user
    ADD CONSTRAINT core_user_email_key UNIQUE (email);


--
-- TOC entry 3296 (class 2606 OID 16702)
-- Name: core_user core_user_pkey; Type: CONSTRAINT; Schema: public; Owner: aroundmego_admin
--

ALTER TABLE ONLY public.core_user
    ADD CONSTRAINT core_user_pkey PRIMARY KEY (id);


--
-- TOC entry 3299 (class 2606 OID 16706)
-- Name: core_user core_user_telegram_id_key; Type: CONSTRAINT; Schema: public; Owner: aroundmego_admin
--

ALTER TABLE ONLY public.core_user
    ADD CONSTRAINT core_user_telegram_id_key UNIQUE (telegram_id);


--
-- TOC entry 3306 (class 2606 OID 16734)
-- Name: core_userquery core_userquery_pkey; Type: CONSTRAINT; Schema: public; Owner: aroundmego_admin
--

ALTER TABLE ONLY public.core_userquery
    ADD CONSTRAINT core_userquery_pkey PRIMARY KEY (id);


--
-- TOC entry 3285 (class 2606 OID 16664)
-- Name: django_admin_log django_admin_log_pkey; Type: CONSTRAINT; Schema: public; Owner: aroundmego_admin
--

ALTER TABLE ONLY public.django_admin_log
    ADD CONSTRAINT django_admin_log_pkey PRIMARY KEY (id);


--
-- TOC entry 3247 (class 2606 OID 16563)
-- Name: django_content_type django_content_type_app_label_model_76bd3d3b_uniq; Type: CONSTRAINT; Schema: public; Owner: aroundmego_admin
--

ALTER TABLE ONLY public.django_content_type
    ADD CONSTRAINT django_content_type_app_label_model_76bd3d3b_uniq UNIQUE (app_label, model);


--
-- TOC entry 3249 (class 2606 OID 16561)
-- Name: django_content_type django_content_type_pkey; Type: CONSTRAINT; Schema: public; Owner: aroundmego_admin
--

ALTER TABLE ONLY public.django_content_type
    ADD CONSTRAINT django_content_type_pkey PRIMARY KEY (id);


--
-- TOC entry 3245 (class 2606 OID 16555)
-- Name: django_migrations django_migrations_pkey; Type: CONSTRAINT; Schema: public; Owner: aroundmego_admin
--

ALTER TABLE ONLY public.django_migrations
    ADD CONSTRAINT django_migrations_pkey PRIMARY KEY (id);


--
-- TOC entry 3311 (class 2606 OID 16780)
-- Name: django_session django_session_pkey; Type: CONSTRAINT; Schema: public; Owner: aroundmego_admin
--

ALTER TABLE ONLY public.django_session
    ADD CONSTRAINT django_session_pkey PRIMARY KEY (session_key);


--
-- TOC entry 3255 (class 1259 OID 16684)
-- Name: auth_group_name_a6ea08ec_like; Type: INDEX; Schema: public; Owner: aroundmego_admin
--

CREATE INDEX auth_group_name_a6ea08ec_like ON public.auth_group USING btree (name varchar_pattern_ops);


--
-- TOC entry 3260 (class 1259 OID 16625)
-- Name: auth_group_permissions_group_id_b120cbf9; Type: INDEX; Schema: public; Owner: aroundmego_admin
--

CREATE INDEX auth_group_permissions_group_id_b120cbf9 ON public.auth_group_permissions USING btree (group_id);


--
-- TOC entry 3263 (class 1259 OID 16626)
-- Name: auth_group_permissions_permission_id_84c5c92e; Type: INDEX; Schema: public; Owner: aroundmego_admin
--

CREATE INDEX auth_group_permissions_permission_id_84c5c92e ON public.auth_group_permissions USING btree (permission_id);


--
-- TOC entry 3250 (class 1259 OID 16611)
-- Name: auth_permission_content_type_id_2f476e4b; Type: INDEX; Schema: public; Owner: aroundmego_admin
--

CREATE INDEX auth_permission_content_type_id_2f476e4b ON public.auth_permission USING btree (content_type_id);


--
-- TOC entry 3271 (class 1259 OID 16641)
-- Name: auth_user_groups_group_id_97559544; Type: INDEX; Schema: public; Owner: aroundmego_admin
--

CREATE INDEX auth_user_groups_group_id_97559544 ON public.auth_user_groups USING btree (group_id);


--
-- TOC entry 3274 (class 1259 OID 16640)
-- Name: auth_user_groups_user_id_6a12ed8b; Type: INDEX; Schema: public; Owner: aroundmego_admin
--

CREATE INDEX auth_user_groups_user_id_6a12ed8b ON public.auth_user_groups USING btree (user_id);


--
-- TOC entry 3277 (class 1259 OID 16655)
-- Name: auth_user_user_permissions_permission_id_1fbb5f2c; Type: INDEX; Schema: public; Owner: aroundmego_admin
--

CREATE INDEX auth_user_user_permissions_permission_id_1fbb5f2c ON public.auth_user_user_permissions USING btree (permission_id);


--
-- TOC entry 3280 (class 1259 OID 16654)
-- Name: auth_user_user_permissions_user_id_a95ead1b; Type: INDEX; Schema: public; Owner: aroundmego_admin
--

CREATE INDEX auth_user_user_permissions_user_id_a95ead1b ON public.auth_user_user_permissions USING btree (user_id);


--
-- TOC entry 3268 (class 1259 OID 16679)
-- Name: auth_user_username_6821ab7c_like; Type: INDEX; Schema: public; Owner: aroundmego_admin
--

CREATE INDEX auth_user_username_6821ab7c_like ON public.auth_user USING btree (username varchar_pattern_ops);


--
-- TOC entry 3287 (class 1259 OID 16735)
-- Name: core_author_email_038367bf_like; Type: INDEX; Schema: public; Owner: aroundmego_admin
--

CREATE INDEX core_author_email_038367bf_like ON public.core_author USING btree (email varchar_pattern_ops);


--
-- TOC entry 3300 (class 1259 OID 16743)
-- Name: core_description_author_id_86999935; Type: INDEX; Schema: public; Owner: aroundmego_admin
--

CREATE INDEX core_description_author_id_86999935 ON public.core_description USING btree (author_id);


--
-- TOC entry 3317 (class 1259 OID 16821)
-- Name: core_placedescription_description_id_bbda2bbf; Type: INDEX; Schema: public; Owner: aroundmego_admin
--

CREATE INDEX core_placedescription_description_id_bbda2bbf ON public.core_placedescription USING btree (description_id);


--
-- TOC entry 3320 (class 1259 OID 16822)
-- Name: core_placedescription_place_id_6113ef69; Type: INDEX; Schema: public; Owner: aroundmego_admin
--

CREATE INDEX core_placedescription_place_id_6113ef69 ON public.core_placedescription USING btree (place_id);


--
-- TOC entry 3313 (class 1259 OID 16801)
-- Name: core_subscription_author_id_54562dae; Type: INDEX; Schema: public; Owner: aroundmego_admin
--

CREATE INDEX core_subscription_author_id_54562dae ON public.core_subscription USING btree (author_id);


--
-- TOC entry 3316 (class 1259 OID 16802)
-- Name: core_subscription_user_id_47899df3; Type: INDEX; Schema: public; Owner: aroundmego_admin
--

CREATE INDEX core_subscription_user_id_47899df3 ON public.core_subscription USING btree (user_id);


--
-- TOC entry 3292 (class 1259 OID 16736)
-- Name: core_user_email_92a71487_like; Type: INDEX; Schema: public; Owner: aroundmego_admin
--

CREATE INDEX core_user_email_92a71487_like ON public.core_user USING btree (email varchar_pattern_ops);


--
-- TOC entry 3297 (class 1259 OID 16737)
-- Name: core_user_telegram_id_badf7828_like; Type: INDEX; Schema: public; Owner: aroundmego_admin
--

CREATE INDEX core_user_telegram_id_badf7828_like ON public.core_user USING btree (telegram_id varchar_pattern_ops);


--
-- TOC entry 3307 (class 1259 OID 16772)
-- Name: core_userquery_place_id_6d4e43ab; Type: INDEX; Schema: public; Owner: aroundmego_admin
--

CREATE INDEX core_userquery_place_id_6d4e43ab ON public.core_userquery USING btree (place_id);


--
-- TOC entry 3308 (class 1259 OID 16773)
-- Name: core_userquery_user_id_053101a9; Type: INDEX; Schema: public; Owner: aroundmego_admin
--

CREATE INDEX core_userquery_user_id_053101a9 ON public.core_userquery USING btree (user_id);


--
-- TOC entry 3283 (class 1259 OID 16675)
-- Name: django_admin_log_content_type_id_c4bce8eb; Type: INDEX; Schema: public; Owner: aroundmego_admin
--

CREATE INDEX django_admin_log_content_type_id_c4bce8eb ON public.django_admin_log USING btree (content_type_id);


--
-- TOC entry 3286 (class 1259 OID 16676)
-- Name: django_admin_log_user_id_c564eba6; Type: INDEX; Schema: public; Owner: aroundmego_admin
--

CREATE INDEX django_admin_log_user_id_c564eba6 ON public.django_admin_log USING btree (user_id);


--
-- TOC entry 3309 (class 1259 OID 16782)
-- Name: django_session_expire_date_a5c62663; Type: INDEX; Schema: public; Owner: aroundmego_admin
--

CREATE INDEX django_session_expire_date_a5c62663 ON public.django_session USING btree (expire_date);


--
-- TOC entry 3312 (class 1259 OID 16781)
-- Name: django_session_session_key_c0390e0f_like; Type: INDEX; Schema: public; Owner: aroundmego_admin
--

CREATE INDEX django_session_session_key_c0390e0f_like ON public.django_session USING btree (session_key varchar_pattern_ops);


--
-- TOC entry 3324 (class 2606 OID 16620)
-- Name: auth_group_permissions auth_group_permissio_permission_id_84c5c92e_fk_auth_perm; Type: FK CONSTRAINT; Schema: public; Owner: aroundmego_admin
--

ALTER TABLE ONLY public.auth_group_permissions
    ADD CONSTRAINT auth_group_permissio_permission_id_84c5c92e_fk_auth_perm FOREIGN KEY (permission_id) REFERENCES public.auth_permission(id) DEFERRABLE INITIALLY DEFERRED;


--
-- TOC entry 3325 (class 2606 OID 16615)
-- Name: auth_group_permissions auth_group_permissions_group_id_b120cbf9_fk_auth_group_id; Type: FK CONSTRAINT; Schema: public; Owner: aroundmego_admin
--

ALTER TABLE ONLY public.auth_group_permissions
    ADD CONSTRAINT auth_group_permissions_group_id_b120cbf9_fk_auth_group_id FOREIGN KEY (group_id) REFERENCES public.auth_group(id) DEFERRABLE INITIALLY DEFERRED;


--
-- TOC entry 3323 (class 2606 OID 16606)
-- Name: auth_permission auth_permission_content_type_id_2f476e4b_fk_django_co; Type: FK CONSTRAINT; Schema: public; Owner: aroundmego_admin
--

ALTER TABLE ONLY public.auth_permission
    ADD CONSTRAINT auth_permission_content_type_id_2f476e4b_fk_django_co FOREIGN KEY (content_type_id) REFERENCES public.django_content_type(id) DEFERRABLE INITIALLY DEFERRED;


--
-- TOC entry 3326 (class 2606 OID 16635)
-- Name: auth_user_groups auth_user_groups_group_id_97559544_fk_auth_group_id; Type: FK CONSTRAINT; Schema: public; Owner: aroundmego_admin
--

ALTER TABLE ONLY public.auth_user_groups
    ADD CONSTRAINT auth_user_groups_group_id_97559544_fk_auth_group_id FOREIGN KEY (group_id) REFERENCES public.auth_group(id) DEFERRABLE INITIALLY DEFERRED;


--
-- TOC entry 3327 (class 2606 OID 16630)
-- Name: auth_user_groups auth_user_groups_user_id_6a12ed8b_fk_auth_user_id; Type: FK CONSTRAINT; Schema: public; Owner: aroundmego_admin
--

ALTER TABLE ONLY public.auth_user_groups
    ADD CONSTRAINT auth_user_groups_user_id_6a12ed8b_fk_auth_user_id FOREIGN KEY (user_id) REFERENCES public.auth_user(id) DEFERRABLE INITIALLY DEFERRED;


--
-- TOC entry 3328 (class 2606 OID 16649)
-- Name: auth_user_user_permissions auth_user_user_permi_permission_id_1fbb5f2c_fk_auth_perm; Type: FK CONSTRAINT; Schema: public; Owner: aroundmego_admin
--

ALTER TABLE ONLY public.auth_user_user_permissions
    ADD CONSTRAINT auth_user_user_permi_permission_id_1fbb5f2c_fk_auth_perm FOREIGN KEY (permission_id) REFERENCES public.auth_permission(id) DEFERRABLE INITIALLY DEFERRED;


--
-- TOC entry 3329 (class 2606 OID 16644)
-- Name: auth_user_user_permissions auth_user_user_permissions_user_id_a95ead1b_fk_auth_user_id; Type: FK CONSTRAINT; Schema: public; Owner: aroundmego_admin
--

ALTER TABLE ONLY public.auth_user_user_permissions
    ADD CONSTRAINT auth_user_user_permissions_user_id_a95ead1b_fk_auth_user_id FOREIGN KEY (user_id) REFERENCES public.auth_user(id) DEFERRABLE INITIALLY DEFERRED;


--
-- TOC entry 3332 (class 2606 OID 16738)
-- Name: core_description core_description_author_id_86999935_fk_core_author_id; Type: FK CONSTRAINT; Schema: public; Owner: aroundmego_admin
--

ALTER TABLE ONLY public.core_description
    ADD CONSTRAINT core_description_author_id_86999935_fk_core_author_id FOREIGN KEY (author_id) REFERENCES public.core_author(id) DEFERRABLE INITIALLY DEFERRED;


--
-- TOC entry 3337 (class 2606 OID 16811)
-- Name: core_placedescription core_placedescriptio_description_id_bbda2bbf_fk_core_desc; Type: FK CONSTRAINT; Schema: public; Owner: aroundmego_admin
--

ALTER TABLE ONLY public.core_placedescription
    ADD CONSTRAINT core_placedescriptio_description_id_bbda2bbf_fk_core_desc FOREIGN KEY (description_id) REFERENCES public.core_description(id) DEFERRABLE INITIALLY DEFERRED;


--
-- TOC entry 3338 (class 2606 OID 16816)
-- Name: core_placedescription core_placedescription_place_id_6113ef69_fk_core_place_id; Type: FK CONSTRAINT; Schema: public; Owner: aroundmego_admin
--

ALTER TABLE ONLY public.core_placedescription
    ADD CONSTRAINT core_placedescription_place_id_6113ef69_fk_core_place_id FOREIGN KEY (place_id) REFERENCES public.core_place(id) DEFERRABLE INITIALLY DEFERRED;


--
-- TOC entry 3335 (class 2606 OID 16791)
-- Name: core_subscription core_subscription_author_id_54562dae_fk_core_author_id; Type: FK CONSTRAINT; Schema: public; Owner: aroundmego_admin
--

ALTER TABLE ONLY public.core_subscription
    ADD CONSTRAINT core_subscription_author_id_54562dae_fk_core_author_id FOREIGN KEY (author_id) REFERENCES public.core_author(id) DEFERRABLE INITIALLY DEFERRED;


--
-- TOC entry 3336 (class 2606 OID 16796)
-- Name: core_subscription core_subscription_user_id_47899df3_fk_core_user_id; Type: FK CONSTRAINT; Schema: public; Owner: aroundmego_admin
--

ALTER TABLE ONLY public.core_subscription
    ADD CONSTRAINT core_subscription_user_id_47899df3_fk_core_user_id FOREIGN KEY (user_id) REFERENCES public.core_user(id) DEFERRABLE INITIALLY DEFERRED;


--
-- TOC entry 3333 (class 2606 OID 16762)
-- Name: core_userquery core_userquery_place_id_6d4e43ab_fk_core_place_id; Type: FK CONSTRAINT; Schema: public; Owner: aroundmego_admin
--

ALTER TABLE ONLY public.core_userquery
    ADD CONSTRAINT core_userquery_place_id_6d4e43ab_fk_core_place_id FOREIGN KEY (place_id) REFERENCES public.core_place(id) DEFERRABLE INITIALLY DEFERRED;


--
-- TOC entry 3334 (class 2606 OID 16767)
-- Name: core_userquery core_userquery_user_id_053101a9_fk_core_user_id; Type: FK CONSTRAINT; Schema: public; Owner: aroundmego_admin
--

ALTER TABLE ONLY public.core_userquery
    ADD CONSTRAINT core_userquery_user_id_053101a9_fk_core_user_id FOREIGN KEY (user_id) REFERENCES public.core_user(id) DEFERRABLE INITIALLY DEFERRED;


--
-- TOC entry 3330 (class 2606 OID 16665)
-- Name: django_admin_log django_admin_log_content_type_id_c4bce8eb_fk_django_co; Type: FK CONSTRAINT; Schema: public; Owner: aroundmego_admin
--

ALTER TABLE ONLY public.django_admin_log
    ADD CONSTRAINT django_admin_log_content_type_id_c4bce8eb_fk_django_co FOREIGN KEY (content_type_id) REFERENCES public.django_content_type(id) DEFERRABLE INITIALLY DEFERRED;


--
-- TOC entry 3331 (class 2606 OID 16670)
-- Name: django_admin_log django_admin_log_user_id_c564eba6_fk_auth_user_id; Type: FK CONSTRAINT; Schema: public; Owner: aroundmego_admin
--

ALTER TABLE ONLY public.django_admin_log
    ADD CONSTRAINT django_admin_log_user_id_c564eba6_fk_auth_user_id FOREIGN KEY (user_id) REFERENCES public.auth_user(id) DEFERRABLE INITIALLY DEFERRED;


--
-- TOC entry 3517 (class 0 OID 0)
-- Dependencies: 4
-- Name: SCHEMA public; Type: ACL; Schema: -; Owner: postgres
--

REVOKE USAGE ON SCHEMA public FROM PUBLIC;
GRANT ALL ON SCHEMA public TO PUBLIC;


-- Completed on 2024-10-14 09:00:14

--
-- PostgreSQL database dump complete
--

